Roles,Skills,Title of Course,URL,Platform
Data Scientist,"Python, R, SQL, Statistical Analysis, Big Data Technologies (Hadoop/Spark), Communication",IBM Data Science Professional Certificate,https://www.coursera.org/professional-certificates/ibm-data-science,Coursera
Data Scientist,"Python, R, SQL, Machine Learning, Big Data Technologies (Hadoop/Spark), Communication","Python for Data Science, AI & Development",https://www.coursera.org/learn/python-for-applied-data-science-ai,Coursera
Data Scientist,"Python, Machine Learning, Data Visualization (Tableau/Power BI), Big Data Technologies (Hadoop/Spark), Communication",Google Foundations of Data Science,https://www.coursera.org/learn/foundations-of-data-science,Coursera
Data Scientist,"Python, R, SQL, Machine Learning, Statistical Analysis, Data Visualization (Tableau/Power BI)",Data Science Specialization,https://www.coursera.org/specializations/jhu-data-science,Coursera
Data Scientist,"Python, R, SQL, Machine Learning, Statistical Analysis, Data Visualization (Tableau/Power BI), Big Data Technologies (Hadoop/Spark), Communication",Databases and SQL for Data Science with Python,https://www.coursera.org/learn/sql-data-science,Coursera
Data Analyst,"SQL, Excel, Data Visualization (Tableau/Power BI), Statistical Analysis, Data Cleaning, Data Storytelling",Google Data Analytics Professional Certificate,https://www.coursera.org/professional-certificates/google-data-analytics,Coursera
Data Analyst,"SQL, Excel, Data Visualization (Tableau/Power BI), Statistical Analysis",Introduction to Data Analytics,https://www.coursera.org/learn/introduction-to-data-analytics,Coursera
Data Scientist,"Machine Learning, Statistical Analysis, Data Visualization, Mathematics ",Statistics and Data Science (GeneralÂ Track),https://share.google/uSaYx2Kr2dvx2rpDb ,edX
Data Scientist,"Machine Learning, Statistical Analysis, Data Visualization, Mathematics ",Introduction to Machine Learning for Data Science,https://share.google/Uj9eMX538vc83biCN ,Udemy
Data Analyst,"SQL, Excel, Data Visualization (Tableau/Power BI), Statistical Analysis, NumPy, Pandas, Python, R, SQL",Data Analysis with Python,https://www.coursera.org/learn/data-analysis-with-python,Coursera
Data Analyst,"SQL, Excel, Data Visualization (Tableau/Power BI), Statistical Analysis, Python, R, SQL",The Complete SQL Bootcamp,https://www.udemy.com/course/the-complete-sql-bootcamp/,Udemy
Data Analyst,"SQL, NymPy, Pandas, Excel, Data Visualization (Tableau/Power BI), Statistical Analysis, Python, R, SQL",The Data Analyst Course,https://www.udemy.com/course/the-data-analyst-course-complete-data-analyst-bootcamp/?couponCode=KEEPLEARNING,Udemy
Machine Learning Engineer,"TensorFlow, PyTorch, Keras, Machine Learning, Deep Learning, Data Structures, Algorithms, Model Deployment, Mathematics, Statistics",Deep Learning Specialization,https://www.coursera.org/specializations/deep-learning,Coursera
Machine Learning Engineer,"Python, C++, TensorFlow, PyTorch, Keras, Mathematics, Statistics",Mathematics for Machine Learning and Data Science Specialization,https://www.coursera.org/specializations/mathematics-for-machine-learning-and-data-science,Coursera
Machine Learning Engineer,"Python, TensorFlow, PyTorch, Keras, Mathematics, Statistics, Machine Learning, Deep Learning, Data Structures, Algorithms, Model Deployment",Machine Learning Specialization,https://www.coursera.org/specializations/machine-learning-introduction,Coursera
Machine Learning Engineer,"Python, C++, TensorFlow, Scikit-learn, PyTorch, Hugging Face, PyTorch, Keras, Mathematics, Statistics, Machine Learning, Deep Learning, Data Structures, Algorithms, Model Deployment","Machine Learning with Scikit-learn, PyTorch & Hugging Face",https://www.coursera.org/professional-certificates/machine-learning-scikit-learn-pytorch-hugging-face,Coursera
Machine Learning Engineer,"PyTorch, Hugging Face, PyTorch, Keras, Mathematics, Statistics, Machine Learning, Deep Learning, Data Structures, Algorithms, Model Deployment",Python for Data Science and Machine Learning,https://www.edx.org/certificates/professional-certificate/harvardx-python-for-data-science-and-machine-learning?index=product&queryId=7e1069b83b33c090c07821b3e81504b8&position=1,edX
Data Engineer,"SQL, Python, ETL, Data Warehousing, Big Data, Cloud Computing",Google Cloud Data Engineer Professional Certificate,https://www.coursera.org/professional-certificates/gcp-data-engineering,Coursera
Data Engineer,"Hadoop, HDFS, MapReduce, Hive, Pig, Spark",Udemy: The Ultimate Hands-On Hadoop,https://www.udemy.com/course/the-ultimate-hands-on-hadoop-tame-your-big-data/?srsltid=AfmBOopfbVvsh7ZwlNV4pfvX3vTeng6OitQclF6nXwpFDKhO0AJgHouI&couponCode=KEEPLEARNING,Udemy
Data Engineer,"Python, SQL, ETL, Data Pipelines, Relational Databases, NoSQL Databases",IBM Data Engineering Professional Certificate,https://www.coursera.org/professional-certificates/ibm-data-engineer,Coursera
Data Engineer,"Python, SQL, Data Pipelines, Database Design, Data Wrangling",Datacamp: Data Engineer with Python Track,https://www.datacamp.com/tracks/data-engineer-in-python,DataCamp
Data Engineer,"Apache Spark, Apache Hadoop, Snowflake, Databricks, Python","edX: AI: Spark, Hadoop, and Snowflake for Data Engineering",https://www.edx.org/learn/computer-science/pragmatic-ai-labs-spark-hadoop-and-snowflake-for-data-engineering,edX
Business Intelligence (BI) Analyst,"Data Modeling, Stakeholder Engagement, ETL, Data Warehousing, Tableau, SQL",Google Business Intelligence Professional Certificate,https://www.coursera.org/professional-certificates/google-business-intelligence,Coursera
Business Intelligence (BI) Analyst,"SQL, Tableau, Power BI, Statistics, Data Analysis",The Business Intelligence Analyst Course 2024,udemy.com/course/the-business-intelligence-analyst-course-2018/?srsltid=AfmBOoqYy7Ihm8Eymug3UuF-Vu8h-c-Ofr40wKmokvdkDYmfjY6Crmn3,Udemy
Business Intelligence (BI) Analyst,"Data Visualization, Data Warehousing, Data Modeling, Tableau, SQL",AI For Business Specialization,https://www.coursera.org/specializations/ai-for-business-wharton,Coursera
Business Intelligence (BI) Analyst,"SQL, Tableau, Data Visualization, Data Analysis",Business Analyst with SQL and Tableau,https://www.datacamp.com/business?utm_cid=20295319383&utm_aid=177819647005&utm_campaign=230621_1-ps-brd~brd~branded_2-b2b_3-apac_4-rtw_5-na_6-na_7-le_8-pdsh-go_9-na_10-na_11-na&utm_loc=9151376-&utm_mtd=p-c&utm_kw=datacamp%20business&utm_source=google&utm_medium=paid_search&utm_content=brd~b2b~for-business&gad_source=1&gad_campaignid=20295319383&gbraid=0AAAAADQ9WsGgv-8tn6M6na0MVuuxMxtNy&gclid=CjwKCAjwobnGBhBNEiwAu2mpFKqpjUwTL5CsrXu6Mx93TmzqziC-Cb2uJS-PstZ5KEaT4jUAbR8XUhoC7UUQAvD_BwE,DataCamp
Business Intelligence (BI) Analyst,"Business Intelligence Concepts, Data Analysis, Reporting, Data Visualization",Business Intelligence for Beginners,https://www.mygreatlearning.com/academy/learn-for-free/courses/business-intelligence-for-beginners,Great Learning Academy
Front-End Web Developer,"HTML, CSS, JavaScript, React.js, UI/UX, Version Control (Git)",Meta Front-End Developer ,https://www.coursera.org/professional-certificates/meta-front-end-developer,Coursera
Front-End Web Developer,"HTML, CSS, Responsive Design, CSS Flexbox, CSS Grid",Responsive Web Design Certification,https://www.freecodecamp.org/learn/2022/responsive-web-design/,freeCodeCamp
Front-End Web Developer,"HTML, CSS, JavaScript, Bootstrap, jQuery, DOM Manipulation, Backend, Databases",The Complete Full-Stack Web Development Bootcamp,https://www.udemy.com/course/the-complete-web-development-bootcamp/?srsltid=AfmBOopd3h5g-6RpzWmvNzEQhFYCnroYy-P9zuW2VgP5JhrhCykGEO8o&couponCode=PMNVD2025,Udemy
Front-End Web Developer,"HTML, CSS, JavaScript, Accessibility, Web APIs",Introduction to Front-End Development,https://www.coursera.org/learn/introduction-to-front-end-development,Coursera
Front-End Web Developer,"HTML5, CSS3, JavaScript, Web Accessibility, Web Performance",Front-End Web Developer Professional Certificate,https://www.edx.org/certificates/professional-certificate/w3cx-front-end-web-developer,edX
Back-End Web Developer,"Python, Node.js, Express, Django, APIs (REST), SQL, MongoDB",Meta Back-End Developer Professional Certificate,https://www.coursera.org/professional-certificates/meta-back-end-developer?utm_medium=sem&utm_source=gg&utm_campaign=b2c_india_meta-back-end-developer_meta_ftcof_professional-certificates_cx_dr_bau_gg_pmax_pr_in_all_m_hyb_24-01_x&campaignid=20930047084&adgroupid=&device=c&keyword=&matchtype=&network=x&devicemodel=&creativeid=&assetgroupid=6487026877&targetid=&extensionid=&placement=&gad_source=1&gad_campaignid=20930048362&gbraid=0AAAAADdKX6Z8NrQ-9BWFKj869eHcpLn_E&gclid=CjwKCAjwobnGBhBNEiwAu2mpFCjnIjd1X7W-7hfLvcJjbLLYkXOH_6tRzs02Xyed-KNhWp7C0mEw-hoClXkQAvD_BwE,Coursera
Back-End Web Developer,"Node.js, Express.js, MongoDB, Mongoose, Authentication, APIs",The Complete Node.js Developer Course,https://www.udemy.com/course/the-complete-nodejs-developer-course-2/,Udemy
Back-End Web Developer,"Python, Django, Databases, API Design, Web Security",IBM Back-End Development Professional Certificate,https://www.coursera.org/professional-certificates/ibm-backend-development,Coursera
Back-End Web Developer,"Python, Django, Flask, APIs, Databases",Back-End Web Development,https://www.edx.org/learn/backend-software-engineering,edX
Back-End Web Developer,"Node.js, Express.js, Databases, Git",Back-End Development Free Course,https://www.mygreatlearning.com/backend-development/free-courses,Great Learning Academy
Full-Stack Web Developer,"HTML, CSS, JavaScript, Node.js, Express.js, React.js, MongoDB, PostgreSQL",The Complete Web Development Bootcamp,https://www.udemy.com/course/the-complete-web-development-bootcamp/,Udemy
Full-Stack Web Developer,"HTML, CSS, JavaScript, React, Node.js, Databases (SQL/NoSQL), Cloud Deployment (IBM Cloud)",IBM Full Stack Software Developer Professional Certificate,https://www.coursera.org/professional-certificates/ibm-full-stack-cloud-developer?utm_medium=sem&utm_source=gg&utm_campaign=b2c_india_ibm-full-stack-cloud-developer_ibm_ftcof_professional-certificates_cx_dr_bau_gg_pmax_pr_in_all_m_hyb_23-10_x&campaignid=20607561057&adgroupid=&device=c&keyword=&matchtype=&network=x&devicemodel=&creativeid=&assetgroupid=6478388563&targetid=&extensionid=&placement=&gad_source=1&gad_campaignid=20617086625&gbraid=0AAAAADdKX6asmfEif_W5wqHmxwrrG3QSG&gclid=CjwKCAjwobnGBhBNEiwAu2mpFLqfzucrLkEOckdlekS1mBWUdm1hdo8ZNnIyRQOisgxY4x5lP61rZBoCmzMQAvD_BwE,Coursera
Full-Stack Web Developer,"Python, Flask, PostgreSQL, Databases, APIs",Full Stack Web Development With MERN STACK & GenAI 2025,https://www.udemy.com/course/fullstack-web-development-course-projects-base/,Udemy
Full-Stack Web Developer,"HTML, CSS, JavaScript, React, Node.js, Express, SQL, Java",Become a Java Full Stack Developer with React & Spring Boot,udemy.com/course/become-a-java-full-stack-developer-with-react-spring-boot/,Udemy
Full-Stack Web Developer,"Python, Django, SQL, HTML, CSS",Master Full Stack Web Development With Games and Application,https://www.udemy.com/course/master-full-stack-web-development-with-games-and-application/?couponCode=PMNVD2025,Udemy
Mobile App Developer,"Kotlin, Android Studio, Android SDK, Android Jetpack, Firebase, UI/UX for Mobile",The Complete Android 14 & Kotlin Development Masterclass,https://www.udemy.com/course/android-kotlin-developer/?srsltid=AfmBOoogNBH6gpoAdL4rCiBCxDaSmeD-TXNlT7yVwfTg9vdlv4GrLeN7&couponCode=PMNVD2025,Udemy
Mobile App Developer,"Java, Android Studio, Mobile App Design, Android APIs",Android App Development Specialization by Vanderbilt University,https://www.coursera.org/specializations/android-app-development,Coursera
Mobile App Developer,"Python, Android SDK, Android Application Development",Android App Development,https://www.mygreatlearning.com/mobile-app-development/free-courses,Great Learning Academy
Mobile App Developer,"Swift, SwiftUI, Xcode, iOS SDK, Core Data, APIs",iOS 17 & Swift 5 - The Complete iOS App Development Bootcamp,https://www.udemy.com/course/ios-13-app-development-bootcamp/?srsltid=AfmBOooH8kUPz3HSyqt4lwL3zVjxzzBDIcEn9zp5qZwKwwsEPUzvPopD&couponCode=PMNVD2025,Udemy
Mobile App Developer,"Swift, SwiftUI, Xcode, UI/UX for iOS, Mobile Development",iOS Development with Swift Specialization,https://www.coursera.org/specializations/ios-development,Coursera
Cloud Architect,"AWS (Amazon Web Services), Cloud Architecture, Solution Design, Serverless Computing, IAM (Identity and Access Management)",AWS Solutions Architect - Associate Specialization,https://www.coursera.org/specializations/aws-certified-solutions-architect-associate-course,Coursera
Cloud Architect,"AWS, Networking, Security, Data Storage, Scalability, Cost Optimization",Amazon AWS Courses,https://www.udemy.com/topic/amazon-aws/?utm_source=adwords&utm_medium=udemyads&utm_campaign=Brand-Topic_la.EN_cc.India&campaigntype=Search&portfolio=BrandTopic&language=EN&product=Course&test=&audience=Keyword&topic=&priority=&utm_content=deal4584&utm_term=_._ag_139989575030_._ad_595509275944_._kw_udemy%20amazon%20aws_._de_c_._dm__._pl__._ti_kwd-414787576757_._li_9151376_._pd__._&matchtype=b&gad_source=1&gad_campaignid=17099057894&gbraid=0AAAAADROdO1zBPW0sb-LC9jq1RThKd8a0&gclid=CjwKCAjwobnGBhBNEiwAu2mpFKbD0BTRImW7D-uHtSHWN1Z_NixXFYnH3pzosyYGyvMtvNDrmOZP8xoChIQQAvD_BwE,Udemy
Cloud Architect,"Google Cloud Platform (GCP), Cloud Infrastructure, Containerization (Kubernetes), Networking, Cloud Security",Cloud Architect Professional Certificate,https://www.coursera.org/professional-certificates/gcp-cloud-architect,Coursera
Cloud Architect,"Microsoft Azure, Azure Identity, Networking, Storage, Virtual Machines",Learn Microsoft Azure,https://www.edx.org/learn/azure,edX
Cloud Architect,"Cloud Design Patterns, Cloud Deployment Models, Infrastructure as Code (IaC), AWS, Azure",Introduction to Cloud Computing,https://www.coursera.org/learn/introduction-to-cloud?,Coursera
Digital Marketing Specialist,"Digital Marketing, SEO (Search Engine Optimization), SEM (Search Engine Marketing), Social Media Marketing, Analytics",Foundations of Digital Marketing and E-commerce,https://www.coursera.org/learn/foundations-of-digital-marketing-and-e-commerce,Coursera
Digital Marketing Specialist,"Digital Marketing Analytics, SEO, Social Media Marketing, Content Strategy",Google Digital Marketing & E-commerce Professional Certificate,https://www.coursera.org/professional-certificates/google-digital-marketing-ecommerce,Coursera
Digital Marketing Specialist,"SEO, Email Marketing, Social Media Marketing, Content Marketing, Google Analytics, Facebook Ads",Digital Marketing,https://www.coursera.org/learn/illinois-tech-digital-marketing,Coursera
Digital Marketing Specialist,"Content Marketing, SEO, Social Media, Email Marketing, Paid Advertising, Inbound Marketing",Complete Digital Marketing Guide,https://www.udemy.com/course/digital-marketing-guide/,Udemy
Digital Marketing Specialist,"Marketing Analytics, Data Analysis, Data Visualization, Excel, SQL",Mega Digital Marketing Course A-Z,https://www.udemy.com/course/digital-marketing-strategy-course-wordpress-seo-instagram-facebook/?couponCode=PMNVD2025,Udemy
UX/UI Designer,"UX Research, Design Thinking, Wireframing, Prototyping (Figma), Usability Testing, Portfolio Creation",Google UX Design Professional Certificate,https://www.coursera.org/professional-certificates/google-ux-design?,Coursera
UX/UI Designer,"UX Design, UI Design, User Research, Wireframing, Prototyping, Adobe XD, Figma",,udemy.com/course/complete-web-designer-mobile-designer-zero-to-mastery/,Udemy
UX/UI Designer,"User Research, Information Architecture, Wireframing, Prototyping, UI Design, Portfolio Building",Foundations of User Experience (UX) Design,https://www.coursera.org/learn/foundations-user-experience-design,Coursera
UX/UI Designer,"UI Design, UX Design, User Research, User Flows, Prototyping (Figma, Sketch), Usability Testing",Beginner: Figma UI / UX Design Essentials Specialization,https://www.coursera.org/specializations/beginnerfigmauiuxdesignessentials,Coursera
UX/UI Designer,"UX Design Principles, User-Centered Design, Usability, Wireframing, Prototyping",Complete UI/UX Design Course 2025: Figma + AI + Real Project,https://www.udemy.com/course/complete-uiux-design-course-figma-ai-real-project/?couponCode=PMNVD2025,Udemy